Provider,Model,Input Cost (per 1M tokens),Output Cost (per 1M tokens),Speed (typical ms),Accuracy,Supports JSON Schema,Confidence Scores,Explanation,Free Tier,Rate Limit (free),Batch Discount,Caching Support,Best For,Recommendation Level
OpenAI,Moderation API (Free),0,0,100-200,85-90%,No,Yes,No,Yes,3500 RPM,N/A,No,Binary moderation decisions,EXCELLENT
OpenAI,GPT-4o Mini,0.15,0.60,500-800,90-92%,Yes,No,Yes,Tier 1,50 RPM,N/A,No,Complex moderation logic,GOOD
OpenAI,GPT-4o,3.00,10.00,800-1200,93-95%,Yes,No,Yes,Tier 1,50 RPM,N/A,No,High accuracy cases (overkill),POOR
OpenAI,GPT-4 Turbo,10.00,30.00,1500-2500,95%+,Yes,No,Yes,Tier 1,50 RPM,N/A,No,Not recommended,POOR
OpenAI,GPT-3.5-turbo,0.50,1.50,300-600,80-85%,Yes,No,Yes,Tier 1,50 RPM,N/A,No,Legacy - avoid,POOR
Anthropic,Claude Haiku 4.5,1.00,5.00,200-400,92-95%,Yes,Yes,Yes,Tier 1,50 RPM,50%,Yes (90% savings),High-volume moderation,EXCELLENT
Anthropic,Claude Sonnet 4.x,3.00,15.00,500-1000,95-97%,Yes,Yes,Yes,Tier 1,50 RPM,50%,Yes (90% savings),Complex decisions / appeals,EXCELLENT
Anthropic,Claude Opus 4,15.00,45.00,1500-3000,98%+,Yes,Yes,Yes,Tier 1,50 RPM,50%,Yes (90% savings),Rare complex cases,GOOD
Google,Gemini 2.5 Flash,0.30,2.50,300-600,88-92%,Yes,Configurable,Yes,Tier 1,2 RPS,50%,Yes (25% savings),Balanced performance,GOOD
Google,Gemini 2.5 Flash-Lite,0.10,0.40,200-400,85-88%,Yes,Configurable,Yes,Tier 1,2 RPS,50%,Yes (25% savings),Most economical,GOOD
Google,Gemini 2.5 Pro,1.25,10.00,800-1500,94-96%,Yes,Configurable,Yes,Tier 1,2 RPS,50%,Yes (25% savings),High accuracy needed,GOOD
Together AI,Llama 3.1 8B,0.18,0.18,150-300,75-85%,No,No,Yes (unreliable),Tier 1,Unlimited,50%,No,Budget option,FAIR
Together AI,Llama 3.1 70B,0.88,0.88,300-600,85-90%,No,No,Yes,Tier 1,Unlimited,50%,No,Better quality budget,FAIR
Together AI,Mistral 7B,0.20,0.20,100-250,80-85%,No,No,Yes,Tier 1,Unlimited,50%,No,Lightweight option,FAIR
Together AI,DeepSeek-V3,1.25,1.25,400-800,90-92%,No,No,Yes,Tier 1,Unlimited,50%,No,High quality open-source,GOOD
Fireworks AI,Llama 3.1 models,Similar to Together,Similar to Together,150-300,75-85%,No,No,Yes (unreliable),Tier 1,Custom,50%,No,Self-hosted option,FAIR
Perplexity,Sonar Pro,0.003,0.042,500-1000,88-90%,No,No,Yes,Tier 1,Variable,N/A,No,Not optimized for moderation,POOR
